C3_Agirligi,VEDUBOX,Moodle,Canvas LMS,Blackboard Learn,Google Classroom / MS Teams,itslearning
0.05,0.889093870797034,0.9250439031038253,0.8130665428096753,0.7534848445372002,0.2454119523681688,0.4252286530865288
0.061016949152542375,0.8885219224112564,0.9195200810886739,0.8129138327092397,0.7536705379267308,0.24504514615036763,0.42735608167960376
0.07203389830508475,0.887821348164591,0.9132785183271037,0.8127257750548982,0.7538999334637727,0.24459235467357207,0.4299500141946697
0.08305084745762711,0.8869886886569638,0.9064503248217457,0.8125008278835255,0.7541753766654274,0.24404916556361267,0.4330163541400181
0.09406779661016948,0.8860213464321811,0.8991465474867241,0.8122375488074476,0.7544992173802759,0.24341121472002372,0.43655666336460364
0.10508474576271186,0.8849176615766088,0.8914583738405635,0.8119346190553478,0.754873793326572,0.2426742233748412,0.44056809354681753
0.11610169491525422,0.8836769699796517,0.8834595455559291,0.8115908683077614,0.7553014117276108,0.2418340379549402,0.44504345308220383
0.1271186440677966,0.8822996421740877,0.8752094029695657,0.8112052998862992,0.7557843290636419,0.24088667236559316,0.4499714040577742
0.13813559322033897,0.8807871015768592,0.8667557949789223,0.8107771157827003,0.7563247290033418,0.23982835220065973,0.4553367758838253
0.14915254237288134,0.8791418218997467,0.8581375661240479,0.8103057409491692,0.7569246986274555,0.23865556027232615,0.4611209755866701
0.1601694915254237,0.8773673044111591,0.8493865679781774,0.8097908462197577,0.7575862031121116,0.23736508274542323,0.4673024703354813
0.17118644067796607,0.8754680365309843,0.8405292395563961,0.8092323691983264,0.7583110590985018,0.23595405506348696,0.47385731573573736
0.18220338983050843,0.873449433874617,0.8315878310874127,0.8086305324361495,0.7591009070376536,0.2344200067716519,0.4807597036874482
0.1932203389830508,0.8713177682984659,0.8225813456476563,0.8079858582350995,0.7599571828620927,0.23276090428098717,0.4879825058220834
0.20423728813559322,0.8690800847310687,0.8135262627089968,0.8072991794531093,0.7608810893980433,0.2309751905854237,0.4954977921681703
0.21525423728813559,0.8667441096171657,0.804437094992815,0.8065716457585013,0.7618735679898995,0.22906182094062755,0.5032773091585162
0.22627118644067795,0.8643181536887732,0.7953268184342016,0.8058047248783382,0.7629352708601497,0.22702029354747405,0.5112929058205927
0.23728813559322032,0.8618110115487875,0.7862072055168564,0.8050001985109727,0.7640665347698296,0.22485067435298117,0.519516901523485
0.24830508474576268,0.8592318602526239,0.7770890847722333,0.8041601527203894,0.7652673565738969,0.222553615188579,0.5279223926604555
0.25932203389830505,0.8565901587420842,0.7679825435482595,0.8032869627940068,0.7665373712799551,0.22013036460721663,0.5364834989334261
0.2703389830508474,0.8538955496561441,0.7588970868801133,0.8023832727191081,0.7678758332150742,0.21758277095270406,0.5451755524031326
0.2813559322033898,0.8511577647394465,0.7498417621073241,0.8014519696078781,0.7692816008823001,0.21491327739053312,0.5539752341979357
0.29237288135593215,0.8483865348054294,0.7408252565080364,0.8004961535684348,0.7707531260447601,0.2121249088412195,0.5628606648186817
0.3033898305084745,0.845591504993134,0.7318559734537655,0.7995191036707915,0.7722884475109517,0.20922125097576402,0.5718114544535556
0.3144067796610169,0.8427821558840494,0.722942091269287,0.798524240784578,0.7738851900107557,0.2062064216483437,0.5808087197532639
0.32542372881355924,0.839967730912372,0.714091607995907,0.797515088163146,0.7755405684498904,0.2030850353440623,0.5898350732358812
0.3364406779661016,0.8371571704005886,0.7053123745167379,0.7964952307116688,0.7772513977139194,0.1998621614004774,0.5988745910002594
0.34745762711864403,0.8343590524730904,0.6966121179469659,0.795468273902436,0.779014108065414,0.19654327691295545,0.6079127638158602
0.3584745762711864,0.8315815410347209,0.6879984567745402,0.79443780328831,0.7808247660440861,0.19313421534976158,0.6169364359939088
0.36949152542372876,0.8288323409411368,0.679478908923522,0.7934073455170638,0.7826791006446938,0.18964111197938632,0.625933735779888
0.3805084745762711,0.8261186604278213,0.6710608936786816,0.7923803316688002,0.7845725344165987,0.1860703472484426,0.6348940003745274
0.3915254237288135,0.823447180800806,0.6627517282374322,0.7913600636312468,0.7865002190071054,0.1824284892442734,0.6438076981106026
0.40254237288135586,0.8208240333228957,0.6545586195301274,0.7903496840999564,0.7884570745628792,0.17872223633499695,0.6526663497971298
0.4135593220338982,0.8182547831545612,0.646488651861733,0.7893521506495327,0.7904378323138037,0.174958361005562,0.6614624507948429
0.4245762711864406,0.8157444201301465,0.6385487708689994,0.7883702141752496,0.7924370795946835,0.17114365580727475,0.6701893950061588
0.43559322033898296,0.8132973560702563,0.6307457642512405,0.7874064018588786,0.7944493065142372,0.1672848822167281,0.6788414016450643
0.4466101694915253,0.8109174282532658,0.6230862397147023,0.7864630046743782,0.7964689534587269,0.16338872306498997,0.6874134453915541
0.4576271186440677,0.8086079085962298,0.615576600566071,0.7855420693235832,0.7984904586191094,0.159461739056009,0.6959011903247204
0.4686440677966101,0.8063715180312572,0.6082230193963715,0.7846453943830932,0.8005083047544932,0.15551032975069518,0.704300927861407
0.4796610169491525,0.8042104455104155,0.6010314103091396,0.7837745303538476,0.8025170644488177,0.15154069925546526,0.7126095187969459
0.49067796610169484,0.8021263710325481,0.5940074001633563,0.7829307832357266,0.8045114431791927,0.14755882672565718,0.7208243394447298
0.5016949152542373,0.8001204920603482,0.5871562993195224,0.7821152212010904,0.8064863195900059,0.14357044167851402,0.7289432317968563
0.5127118644067796,0.7981935526861512,0.580483072393793,0.7813286839125737,0.8084367824531425,0.13958100400971887,0.7369644575740316
0.523728813559322,0.7963458749099184,0.5739923095379057,0.7805717940200245,0.8103581638879549,0.13559568852304085,0.7448866559952807
0.5347457627118644,0.7945773914118095,0.567688198769491,0.7798449703769259,0.812246068511506,0.13161937371492063,0.7527088050733584
0.5457627118644067,0.7928876792330601,0.5615744998762806,0.7791484425353516,0.8140963982869746,0.12765663450443127,0.760430186227237
0.5567796610169491,0.7912759938206254,0.5556545204070851,0.7784822661076922,0.8159053729331673,0.123711738563038,0.768050351996312
0.5677966101694915,0.7897413029410049,0.5499310942409427,0.777846338620269,0.8176695458485271,0.11978864587656188,0.7755690966401176
0.5788135593220338,0.7882823200245159,0.5444065631927539,0.7772404155259429,0.8193858155869725,0.11589101116204976,0.7829864294108537
0.5898305084745762,0.7868975365607129,0.5390827620687598,0.7766641260875548,0.8210514329989502,0.11202218876304419,0.7903025502926446
0.6008474576271186,0.7855852532265143,0.5339610075287115,0.7761169888894951,0.8226640042182244,0.10818523965616618,0.7975178280102506
0.6118644067796609,0.7843436094889662,0.5290420910444114,0.7755984267792253,0.8242214897325357,0.10438294021816469,0.8046327801201567
0.6228813559322033,0.7831706114827837,0.5243262761679607,0.7751077810828607,0.8257221998240677,0.1006177924239509,0.8116480550079963
0.6338983050847457,0.7820641580175447,0.51981330023952,0.7746443249780257,0.8271647867035847,0.09689203517110168,0.8185644156276994
0.6449152542372881,0.7810220646196637,0.5155023805761201,0.77420727594246,0.8285482336904053,0.09320765645353589,0.8253827248292394
0.6559322033898305,0.7800420855593414,0.5113922250927898,0.7737958072279427,0.829871841809381,0.0895664061354082,0.8321039321331586
0.6669491525423729,0.7791219338521751,0.5074810472179513,0.773409058335866,0.8311352141863076,0.08596980910478554,0.8387290618210158
0.6779661016949152,0.7782592992588739,0.5037665848796148,0.7730461444932867,0.8323382386253544,0.08241917861462117,0.8452592022213662
0.6889830508474576,0.777451864334615,0.5002461232602267,0.7727061651467144,0.8334810687468724,0.07891562964535012,0.8516954960808328
0.7,0.7766973186022268,0.4969165209486187,0.7723882115055339,0.8345641040521701,0.07546009214867477,0.8580391319191645
